{"boundaryID": "AGO-ADM0-71192764", "boundaryISO": "AGO", "boundaryYear": "2021", "boundaryType": "ADM0", "boundarySource": "Open Street Map", "boundaryCanonical": "Rep\u00fablica de Angola", "boundaryLicense": "Creative Commons Attribution-ShareAlike 2.0", "licenseDetail": "", "licenseSource": "https//osm-boundaries.com/Documentation", "boundarySourceURL": "https//osm-boundaries.com/", "sourceDataUpdateDate": "Thu Jan 19 07:31:04 2023", "buildDate": "Dec 12, 2023", "admUnitCount": "1", "meanVertices": "47140.0", "minVertices": "47140", "maxVertices": "47140", "meanPerimeterLengthKM": "7612.336381383424", "maxPerimeterLengthKM": "7612.336381383424", "minPerimeterLengthKM": "7612.336381383424", "meanAreaSqKM": "1282739.2096402124", "minAreaSqKM": "1282739.2096402124", "maxAreaSqKM": "1282739.2096402124"}