{"boundaryID": "ZAF-ADM0-27424455", "boundaryISO": "ZAF", "boundaryYear": "2020", "boundaryType": "ADM0", "boundarySource": "OCHA ROSEA, South African Municipal Demarcation Board", "boundaryCanonical": "Republic of South Africa", "boundaryLicense": "Creative Commons Attribution 3.0 Intergovernmental Organisations (CC BY 3.0 IGO)", "licenseDetail": "", "licenseSource": "https//data.humdata.org/dataset/south-africa-admin-level-1-boundaries", "boundarySourceURL": "https//data.humdata.org/dataset/south-africa-admin-level-1-boundaries", "sourceDataUpdateDate": "Thu Jan 19 07:31:04 2023", "buildDate": "Dec 12, 2023", "admUnitCount": "1", "meanVertices": "282824.0", "minVertices": "282824", "maxVertices": "282824", "meanPerimeterLengthKM": "9793.638606337932", "maxPerimeterLengthKM": "9793.638606337932", "minPerimeterLengthKM": "9793.638606337932", "meanAreaSqKM": "1220813.3282449252", "minAreaSqKM": "1220813.3282449252", "maxAreaSqKM": "1220813.3282449252"}