{"boundaryID": "AGO-ADM2-91424787", "boundaryISO": "AGO", "boundaryYear": "2006", "boundaryType": "ADM2", "boundarySource": "geoBoundaries, Wikimedia Commons", "boundaryCanonical": "Municipality", "boundaryLicense": "Public Domain", "licenseDetail": "", "licenseSource": "https//commons.wikimedia.org/wiki/File", "boundarySourceURL": "https//commons.wikimedia.org/wiki/File", "sourceDataUpdateDate": "Thu Jan 19 07:31:04 2023", "buildDate": "Dec 12, 2023", "admUnitCount": "158", "meanVertices": "2815.0", "minVertices": "225", "maxVertices": "14253", "meanPerimeterLengthKM": "457.04934672709413", "maxPerimeterLengthKM": "1508.532023573609", "minPerimeterLengthKM": "83.63532088506805", "meanAreaSqKM": "7897.78601830581", "minAreaSqKM": "233.08480387562423", "maxAreaSqKM": "46083.3045590951"}