{"boundaryID": "MOZ-ADM0-74581448", "boundaryISO": "MOZ", "boundaryYear": "2017", "boundaryType": "ADM0", "boundarySource": "OpenStreetMap, Wambacher", "boundaryCanonical": "", "boundaryLicense": "Open Data Commons Open Database License 1.0", "licenseDetail": "Open Data Commons Open Database License 1.0", "licenseSource": "https//www.openstreetmap.org/copyright", "boundarySourceURL": "https//wambachers-osm.website/boundaries/", "sourceDataUpdateDate": "Thu Jan 19 07:31:04 2023", "buildDate": "Dec 12, 2023", "admUnitCount": "1", "meanVertices": "88662.0", "minVertices": "88662", "maxVertices": "88662", "meanPerimeterLengthKM": "9434.609045609914", "maxPerimeterLengthKM": "9434.609045609914", "minPerimeterLengthKM": "9434.609045609914", "meanAreaSqKM": "787269.2730770452", "minAreaSqKM": "787269.2730770452", "maxAreaSqKM": "787269.2730770452"}