{"boundaryID": "BWA-ADM0-68990947", "boundaryISO": "BWA", "boundaryYear": "2015", "boundaryType": "ADM0", "boundarySource": "geoBoundaries, RCMRD", "boundaryCanonical": "Republic of Botswana", "boundaryLicense": "Public Domain", "licenseDetail": "", "licenseSource": "http//geoportal.rcmrd.org/layers/servir%3Abotswana_district_boundary", "boundarySourceURL": "http//geoportal.rcmrd.org/layers/servir%3Abotswana_district_boundary", "sourceDataUpdateDate": "Thu Jan 19 07:31:04 2023", "buildDate": "Dec 12, 2023", "admUnitCount": "1", "meanVertices": "40747.0", "minVertices": "40747", "maxVertices": "40747", "meanPerimeterLengthKM": "4604.544231525476", "maxPerimeterLengthKM": "4604.544231525476", "minPerimeterLengthKM": "4604.544231525476", "meanAreaSqKM": "578132.1951707193", "minAreaSqKM": "578132.1951707193", "maxAreaSqKM": "578132.1951707193"}