{"boundaryID": "LSO-ADM0-30824560", "boundaryISO": "LSO", "boundaryYear": "2017", "boundaryType": "ADM0", "boundarySource": "OpenStreetMap, Wambacher", "boundaryCanonical": "", "boundaryLicense": "Open Data Commons Open Database License 1.0", "licenseDetail": "Open Data Commons Open Database License 1.0", "licenseSource": "https//www.openstreetmap.org/copyright", "boundarySourceURL": "https//wambachers-osm.website/boundaries/", "sourceDataUpdateDate": "Thu Jan 19 07:31:04 2023", "buildDate": "Dec 12, 2023", "admUnitCount": "1", "meanVertices": "21110.0", "minVertices": "21110", "maxVertices": "21110", "meanPerimeterLengthKM": "1187.50565350085", "maxPerimeterLengthKM": "1187.50565350085", "minPerimeterLengthKM": "1187.50565350085", "meanAreaSqKM": "30549.233067164023", "minAreaSqKM": "30549.233067164023", "maxAreaSqKM": "30549.233067164023"}