{"boundaryID": "ZWE-ADM0-69731989", "boundaryISO": "ZWE", "boundaryYear": "2020", "boundaryType": "ADM0", "boundarySource": "Zimbabwe National Statistics Agency (ZIMSTAT www.zimstat.co.zw) Central Statistics Office, OCHA ROSEA", "boundaryCanonical": "Country", "boundaryLicense": "Creative Commons Attribution 3.0 Intergovernmental Organisations (CC BY 3.0 IGO)", "licenseDetail": "", "licenseSource": "https//data.humdata.org/dataset/zimbabwe-administrative-levels-0-3-boundaries", "boundarySourceURL": "https//data.humdata.org/dataset/zimbabwe-administrative-levels-0-3-boundaries", "sourceDataUpdateDate": "Thu Jan 19 07:31:04 2023", "buildDate": "Dec 12, 2023", "admUnitCount": "1", "meanVertices": "39750.0", "minVertices": "39750", "maxVertices": "39750", "meanPerimeterLengthKM": "3335.0844750926826", "maxPerimeterLengthKM": "3335.0844750926826", "minPerimeterLengthKM": "3335.0844750926826", "meanAreaSqKM": "390772.29000362806", "minAreaSqKM": "390772.29000362806", "maxAreaSqKM": "390772.29000362806"}