{"boundaryID": "ZMB-ADM0-29467570", "boundaryISO": "ZMB", "boundaryYear": "2020", "boundaryType": "ADM0", "boundarySource": "Disaster Management and Mitigation Unit (DMMU) Zambia, OCHA ROSEA", "boundaryCanonical": "Country", "boundaryLicense": "Creative Commons Attribution 3.0 Intergovernmental Organisations (CC BY 3.0 IGO)", "licenseDetail": "", "licenseSource": "https//data.grid3.org/datasets/GRID3", "boundarySourceURL": "https//data.grid3.org/datasets/GRID3", "sourceDataUpdateDate": "Thu Jan 19 07:31:04 2023", "buildDate": "Dec 12, 2023", "admUnitCount": "1", "meanVertices": "14001.0", "minVertices": "14001", "maxVertices": "14001", "meanPerimeterLengthKM": "5961.8711120275375", "maxPerimeterLengthKM": "5961.8711120275375", "minPerimeterLengthKM": "5961.8711120275375", "meanAreaSqKM": "751174.0593386092", "minAreaSqKM": "751174.0593386092", "maxAreaSqKM": "751174.0593386092"}