{"boundaryID": "SWZ-ADM0-58888499", "boundaryISO": "SWZ", "boundaryYear": "2017", "boundaryType": "ADM0", "boundarySource": "OpenStreetMap, Wambacher", "boundaryCanonical": "", "boundaryLicense": "Open Data Commons Open Database License 1.0", "licenseDetail": "Open Data Commons Open Database License 1.0", "licenseSource": "https//www.openstreetmap.org/copyright", "boundarySourceURL": "https//wambachers-osm.website/boundaries/", "sourceDataUpdateDate": "Wed Apr 5 10:33:20 2023", "buildDate": "Dec 12, 2023", "admUnitCount": "1", "meanVertices": "1537.0", "minVertices": "1537", "maxVertices": "1537", "meanPerimeterLengthKM": "578.1984682988085", "maxPerimeterLengthKM": "578.1984682988085", "minPerimeterLengthKM": "578.1984682988085", "meanAreaSqKM": "17363.13579694737", "minAreaSqKM": "17363.13579694737", "maxAreaSqKM": "17363.13579694737"}