{"boundaryID": "NAM-ADM0-72404144", "boundaryISO": "NAM", "boundaryYear": "2014", "boundaryType": "ADM0", "boundarySource": "geoBoundaries, Wikimedia", "boundaryCanonical": "Republic of Namibia", "boundaryLicense": "Creative Commons Attribution 4.0 International (CC BY 4.0)", "licenseDetail": "", "licenseSource": "https//commons.wikimedia.org/wiki/File", "boundarySourceURL": "https//commons.wikimedia.org/wiki/File", "sourceDataUpdateDate": "Thu Jan 19 07:31:04 2023", "buildDate": "Dec 12, 2023", "admUnitCount": "1", "meanVertices": "702.0", "minVertices": "702", "maxVertices": "702", "meanPerimeterLengthKM": "5471.848362301726", "maxPerimeterLengthKM": "5471.848362301726", "minPerimeterLengthKM": "5471.848362301726", "meanAreaSqKM": "825771.2520951098", "minAreaSqKM": "825771.2520951098", "maxAreaSqKM": "825771.2520951098"}